nom;prenom;ville;equipe;position;salaire;buts;salaireLn;butsx3
Forsberg;Peter;COLORADO;AVALANCHE;C;11000000;41;16,2134058307626;68921
Tkachuk;Keith;ST-LOUIS;BLUES;L;11000000;41;16,2134058307626;68921
Lidstrom;Nicklas;DETROIT;RED WINGS;D;10500000;41;16,1668858151278;68921
Kariya;Paul;ANAHEIM;MIGHTY DUCKS;L;10000000;41;16,1180956509583;68921
Bure;Pavel;NEW YORK;RANGERS;R;10000000;39;16,1180956509583;59319
Sakic;Joe;COLORADO;AVALANCHE;C;9832727;39;16,1012268697239;59319
Holik;Robert;NEW YORK;RANGERS;C;9600000;39;16,0772736564381;59319
Pronger;Chris;ST-LOUIS;BLUES;D;9500000;38;16,0668023565708;54872
Blake;Robert;COLORADO;AVALANCHE;D;9285194;38;16,0439316464656;54872
Guerin;Bill;DALLAS;STARS;R;9000000;37;16,0127351353005;50653
LeClair;John;PHILADELPHIA;FLYERS;L;9000000;37;16,0127351353005;50653
Weight;Doug;ST-LOUIS;BLUES;C;9000000;37;16,0127351353005;50653
Leetch;Brian;NEW YORK;RANGERS;D;8680000;37;15,9765320866365;50653
Roy;Patrick;COLORADO;AVALANCHE;G;8500000;37;15,9555767214605;50653
Roenick;Jeremy;PHILADELPHIA;FLYERS;C;8500000;37;15,9555767214605;50653
Modano;Michael;DALLAS;STARS;C;8000000;36;15,8949520996441;46656
Joseph;Curtis;DETROIT;RED WINGS;G;8000000;36;15,8949520996441;46656
Yzerman;Steve;DETROIT;RED WINGS;C;7500000;35;15,8304135785065;42875
MacInnis;Allan;ST-LOUIS;BLUES;D;7500000;35;15,8304135785065;42875
Sundin;Mats;TORONTO;MAPLE LEAFS;C;7500000;34;15,8304135785065;39304
Palffy;Zigmund;LOS ANGELES;KINGS;R;7250000;34;15,7965120268309;39304
Brodeur;Martin;NEW JERSEY;DEVILS;G;7000000;34;15,7614207070196;39304
Selanne;Teemu;SAN JOSE;SHARKS;R;6500000;33;15,6873127348659;35937
Belfour;Ed;TORONTO;MAPLE LEAFS;G;6500000;33;15,6873127348659;35937
Yashin;Alexei;NEW YORK;ISLANDERS;C;6400000;33;15,6718085483299;35937
Turgeon;Pierre;DALLAS;STARS;C;6000000;33;15,6072700271923;35937
Shanahan;Brendan;DETROIT;RED WINGS;L;6000000;33;15,6072700271923;35937
Kolzig;Olaf;WASHINGTON;CAPITALS;G;6000000;33;15,6072700271923;35937
Francis;Ronald;CAROLINA;HURRICANES;C;5936287;33;15,5965944117172;35937
Chelios;Chris;DETROIT;RED WINGS;D;5919506;32;15,5937635574324;32768
Damphousse;Vincent;SAN JOSE;SHARKS;C;5750000;32;15,5647104127735;32768
Iginla;Jarome;CALGARY;FLAMES;R;5500000;32;15,5202586502027;32768
Hull;Brett;DETROIT;RED WINGS;R;5500000;32;15,5202586502027;32768
Ozolinsh;Sandis;FLORIDA;PANTHERS;D;5500000;32;15,5202586502027;32768
Allison;Jason;LOS ANGELES;KINGS;C;5500000;32;15,5202586502027;32768
Nolan;Owen;SAN JOSE;SHARKS;R;5500000;31;15,5202586502027;29791
Mogilny;Alexander;TORONTO;MAPLE LEAFS;R;5500000;31;15,5202586502027;29791
Lapointe;Martin;BOSTON;BRUINS;R;5250000;31;15,4737386345678;29791
Lemieux;Mario;PITTSBURGH;PENGUINS;C;5250000;31;15,4737386345678;29791
Zubov;Sergei;DALLAS;STARS;D;5000000;31;15,4249484703984;29791
Theodore;Jose;MONTREAL;CANADIENS;G;5000000;31;15,4249484703984;29791
Nieuwendyk;Joe;NEW JERSEY;DEVILS;C;5000000;31;15,4249484703984;29791
Primeau;Keith;PHILADELPHIA;FLYERS;C;5000000;31;15,4249484703984;29791
Recchi;Mark;PHILADELPHIA;FLYERS;R;5000000;30;15,4249484703984;27000
Lang;Robert;WASHINGTON;CAPITALS;C;5000000;30;15,4249484703984;27000
Brind'Amour;Rod;CAROLINA;HURRICANES;C;4750000;30;15,3736551760108;27000
Numminen;Teppo;PHOENIX;COYOTES;D;4750000;30;15,3736551760108;27000
Kovalev;Alexei;PITTSBURGH;PENGUINS;R;4600000;30;15,3415668614593;27000
Alfredsson;Daniel;OTTAWA;SENATORS;R;4550000;30;15,3306377909271;27000
Elias;Patrik;NEW JERSEY;DEVILS;L;4500000;30;15,3195879547405;27000
Bondra;Peter;WASHINGTON;CAPITALS;R;4500000;30;15,3195879547405;27000
Foote;Adam;COLORADO;AVALANCHE;D;4200000;30;15,2505950832536;27000
Nedved;Petr;NEW YORK;RANGERS;C;4200000;30;15,2505950832536;27000
Hatcher;Derian;DALLAS;STARS;D;4100000;30;15,2264975316745;27000
Kasparaitis;Darius;NEW YORK;RANGERS;D;4100000;30;15,2264975316745;27000
Zhamnov;Alexei;CHICAGO;BLACKHAWKS;C;4000000;29;15,2018049190842;24389
Robitaille;Luc;DETROIT;RED WINGS;L;4000000;29;15,2018049190842;24389
Richter;Mike;NEW YORK;RANGERS;G;4000000;29;15,2018049190842;24389
Desjardins;Eric;PHILADELPHIA;FLYERS;D;4000000;29;15,2018049190842;24389
Linden;Trevor;VANCOUVER;CANUCKS;C;4000000;29;15,2018049190842;24389
Naslund;Markus;VANCOUVER;CANUCKS;L;4000000;29;15,2018049190842;24389
Demitra;Pavol;ST-LOUIS;BLUES;L;3975000;29;15,1955353060706;24389
Niedermayer;Scott;NEW JERSEY;DEVILS;D;3800000;29;15,1505116246966;24389
Osgood;Chris;NEW YORK;ISLANDERS;G;3750000;28;15,1372663979466;21952
Straka;Martin;PITTSBURGH;PENGUINS;C;3750000;28;15,1372663979466;21952
Reichel;Robert;TORONTO;MAPLE LEAFS;C;3750000;28;15,1372663979466;21952
Arnott;Jason;DALLAS;STARS;C;3650000;28;15,1102377255587;21952
Tverdovsky;Oleg;NEW JERSEY;DEVILS;D;3600000;28;15,0964444034263;21952
Potvin;Felix;LOS ANGELES;KINGS;G;3550000;28;15,0824581614516;21952
Sykora;Petr;ANAHEIM;MIGHTY DUCKS;R;3535000;28;15,0782238573128;21952
Sydor;Darryl;DALLAS;STARS;D;3500000;28;15,0682735264596;21952
Young;Scott;DALLAS;STARS;R;3500000;28;15,0682735264596;21952
Schneider;Mathieu;LOS ANGELES;KINGS;D;3500000;27;15,0682735264596;19683
Oates;Adam;ANAHEIM;MIGHTY DUCKS;C;3500000;27;15,0682735264596;19683
Malakhov;Vladimir;NEW YORK;RANGERS;D;3500000;27;15,0682735264596;19683
Cechmanek;Roman;PHILADELPHIA;FLYERS;G;3500000;27;15,0682735264596;19683
Khabibulin;Nikolai;TAMPA BAY;LIGHTNING;G;3500000;27;15,0682735264596;19683
Murray;Glen;BOSTON;BRUINS;R;3450000;27;15,0538847890075;19683
Dafoe;Byron;BOSTON;BRUINS;G;3400000;27;15,0392859895864;19683
Hackett;Jeff;MONTREAL;CANADIENS;G;3400000;27;15,0392859895864;19683
McEachern;Shawn;ATLANTA;THRASHERS;L;3350000;27;15,0244709038012;19683
O'Neill;Jeff;CAROLINA;HURRICANES;C;3300000;27;15,0094330264367;19683
Mironov;Boris;CHICAGO;BLACKHAWKS;D;3300000;27;15,0094330264367;19683
Koivu;Saku;MONTREAL;CANADIENS;C;3300000;27;15,0094330264367;19683
Satan;Miroslav;BUFFALO;SABRES;R;3250000;26;14,9941655543059;17576
Zhitnik;Alexei;BUFFALO;SABRES;D;3250000;26;14,9941655543059;17576
Peca;Michael;NEW YORK;ISLANDERS;C;3250000;26;14,9941655543059;17576
Burke;Sean;PHOENIX;COYOTES;G;3250000;26;14,9941655543059;17576
Savage;Brian;PHOENIX;COYOTES;L;3250000;26;14,9941655543059;17576
Svehla;Robert;TORONTO;MAPLE LEAFS;D;3250000;26;14,9941655543059;17576
Hedican;Bret;CAROLINA;HURRICANES;D;3200000;26;14,97866136777;17576
Bonk;Radek;OTTAWA;SENATORS;C;3200000;26;14,97866136777;17576
Graves;Adam;SAN JOSE;SHARKS;L;3200000;26;14,97866136777;17576
Gonchar;Sergei;WASHINGTON;CAPITALS;D;3200000;26;14,97866136777;17576
Aucoin;Adrian;NEW YORK;ISLANDERS;D;3100000;26;14,9469126694554;17576
Kapanen;Sami;CAROLINA;HURRICANES;R;3000000;26;14,9141228466324;17576
Daze;Eric;CHICAGO;BLACKHAWKS;L;3000000;26;14,9141228466324;17576
Sullivan;Steve;CHICAGO;BLACKHAWKS;R;3000000;26;14,9141228466324;17576
Salo;Tommy;EDMONTON;OILERS;G;3000000;25;14,9141228466324;15625
Deadmarsh;Adam;LOS ANGELES;KINGS;R;3000000;25;14,9141228466324;15625
Audette;Donald;MONTREAL;CANADIENS;R;3000000;25;14,9141228466324;15625
Friesen;Jeff;NEW JERSEY;DEVILS;L;3000000;25;14,9141228466324;15625
Rucinsky;Martin;NEW YORK;RANGERS;L;3000000;25;14,9141228466324;15625
Weinrich;Eric;PHILADELPHIA;FLYERS;D;3000000;25;14,9141228466324;15625
Lemieux;Claude;PHOENIX;COYOTES;R;3000000;25;14,9141228466324;15625
Mironov;Dmitri;WASHINGTON;CAPITALS;D;3000000;25;14,9141228466324;15625
Thibault;Jocelyn;CHICAGO;BLACKHAWKS;G;2900000;25;14,8802212949567;15625
Bure;Valeri;FLORIDA;PANTHERS;R;2900000;25;14,8802212949567;15625
Hamrlik;Roman;NEW YORK;ISLANDERS;D;2900000;25;14,8802212949567;15625
Rucchin;Steve;ANAHEIM;MIGHTY DUCKS;C;2875000;25;14,8715632322136;15625
Turek;Roman;CALGARY;FLAMES;G;2800000;25;14,8451299751454;15625
Karpovtsev;Alexander;CHICAGO;BLACKHAWKS;D;2800000;25;14,8451299751454;15625
Perreault;Yanic;MONTREAL;CANADIENS;C;2800000;25;14,8451299751454;15625
Dunham;Michael;NASHVILLE;PREDATORS;G;2800000;25;14,8451299751454;15625
Redden;Wade;OTTAWA;SENATORS;D;2800000;24;14,8451299751454;13824
McGillis;Daniel;PHILADELPHIA;FLYERS;D;2800000;24;14,8451299751454;13824
Rhodes;Damian;ATLANTA;THRASHERS;G;2750000;24;14,8271114696428;13824
Smehlik;Richard;ATLANTA;THRASHERS;D;2750000;24;14,8271114696428;13824
Richardson;Luke;COLUMBUS;BLUE JACKETS;D;2750000;24;14,8271114696428;13824
Yushkevich;Dmitry;FLORIDA;PANTHERS;D;2750000;24;14,8271114696428;13824
Roberts;Gary;TORONTO;MAPLE LEAFS;L;2750000;24;14,8271114696428;13824
Hejduk;Milan;COLORADO;AVALANCHE;R;2700000;24;14,8087623309746;13824
Niinimaa;Janne;EDMONTON;OILERS;D;2700000;24;14,8087623309746;13824
Marchment;Bryan;SAN JOSE;SHARKS;D;2700000;24;14,8087623309746;13824
Stumpel;Jozef;BOSTON;BRUINS;C;2650000;23;14,7900701979624;12167
Cassels;Andrew;COLUMBUS;BLUE JACKETS;C;2600000;23;14,7710220029917;12167
Whitney;Ray;COLUMBUS;BLUE JACKETS;L;2600000;23;14,7710220029917;12167
Tugnutt;Ron;DALLAS;STARS;G;2600000;23;14,7710220029917;12167
Czerkawski;Mariusz;MONTREAL;CANADIENS;R;2600000;23;14,7710220029917;12167
Therien;Chris;PHILADELPHIA;FLYERS;D;2600000;23;14,7710220029917;12167
Smyth;Ryan;EDMONTON;OILERS;L;2525000;23;14,7417516206916;12167
O'Donnell;Sean;BOSTON;BRUINS;D;2500000;23;14,7318012898384;12167
Hill;Sean;CAROLINA;HURRICANES;D;2500000;23;14,7318012898384;12167
Irbe;Arturs;CAROLINA;HURRICANES;G;2500000;23;14,7318012898384;12167
Wesley;Glen;CAROLINA;HURRICANES;D;2500000;23;14,7318012898384;12167
Housley;Phil;CHICAGO;BLACKHAWKS;D;2500000;23;14,7318012898384;12167
Klemm;Jon;CHICAGO;BLACKHAWKS;D;2500000;23;14,7318012898384;12167
Drury;Chris;COLORADO;AVALANCHE;C;2500000;23;14,7318012898384;12167
Norstrom;Mattias;LOS ANGELES;KINGS;D;2500000;23;14,7318012898384;12167
Brisebois;Patrice;MONTREAL;CANADIENS;D;2500000;23;14,7318012898384;12167
Rafalski;Brian;NEW JERSEY;DEVILS;D;2500000;23;14,7318012898384;12167
Jonsson;Kenny;NEW YORK;ISLANDERS;D;2500000;23;14,7318012898384;12167
Lefebvre;Sylvain;NEW YORK;RANGERS;D;2500000;23;14,7318012898384;12167
Ricci;Mike;SAN JOSE;SHARKS;C;2500000;23;14,7318012898384;12167
Drake;Dallas;ST-LOUIS;BLUES;R;2500000;23;14,7318012898384;12167
Lehtinen;Jere;DALLAS;STARS;R;2450000;22;14,7115985825209;10648
Carney;Keith E.;ANAHEIM;MIGHTY DUCKS;D;2450000;22;14,7115985825209;10648
Corson;Shayne;TORONTO;MAPLE LEAFS;L;2450000;22;14,7115985825209;10648
Odelein;Lyle;CHICAGO;BLACKHAWKS;D;2400000;22;14,6909792953182;10648
Carter;Anson;EDMONTON;OILERS;C;2400000;22;14,6909792953182;10648
McCabe;Bryan;TORONTO;MAPLE LEAFS;D;2350000;22;14,6699258861203;10648
Boughner;Bob;CALGARY;FLAMES;D;2300000;22;14,6484196808994;10648
Smith;Jason;EDMONTON;OILERS;D;2300000;22;14,6484196808994;10648
Smolinski;Bryan;LOS ANGELES;KINGS;C;2300000;22;14,6484196808994;10648
Kubina;Pavel;TAMPA BAY;LIGHTNING;D;2250000;22;14,6264407741806;10648
Simon;Chris;WASHINGTON;CAPITALS;L;2250000;22;14,6264407741806;10648
Gilmour;Douglas;MONTREAL;CANADIENS;C;2225000;22;14,6152674735825;10648
Rolston;Brian;BOSTON;BRUINS;L;2200000;22;14,6039679183285;10648
Berezin;Sergei;CHICAGO;BLACKHAWKS;L;2200000;22;14,6039679183285;10648
Boucher;Philippe;DALLAS;STARS;D;2200000;22;14,6039679183285;10648
Matvichuk;Richard;DALLAS;STARS;D;2200000;22;14,6039679183285;10648
Tocchet;Rick;PHILADELPHIA;FLYERS;R;2200000;22;14,6039679183285;10648
Mellanby;Scott;ST-LOUIS;BLUES;R;2200000;22;14,6039679183285;10648
Jovanovski;Ed;VANCOUVER;CANUCKS;D;2200000;22;14,6039679183285;10648
Thornton;Joe;BOSTON;BRUINS;C;2175000;22;14,5925392225049;10648
McKay;Randy;MONTREAL;CANADIENS;R;2125000;21;14,5692823603407;9261
Niedermayer;Rob;CALGARY;FLAMES;C;2100000;21;14,5574479026937;9261
Sanderson;Geoff;COLUMBUS;BLUE JACKETS;L;2100000;21;14,5574479026937;9261
Kozlov;Viktor;FLORIDA;PANTHERS;C;2100000;21;14,5574479026937;9261
Lindros;Eric;NEW YORK;RANGERS;C;2100000;21;14,5574479026937;9261
Gagne;Simon;PHILADELPHIA;FLYERS;L;2100000;21;14,5574479026937;9261
Stillman;Cory;ST-LOUIS;BLUES;C;2100000;21;14,5574479026937;9261
Johansson;Calle;WASHINGTON;CAPITALS;D;2100000;21;14,5574479026937;9261
Parrish;Mark;NEW YORK;ISLANDERS;R;2050000;21;14,5333503511146;9261
Hossa;Marian;OTTAWA;SENATORS;R;2050000;21;14,5333503511146;9261
Juneau;Joe;MONTREAL;CANADIENS;C;2025000;21;14,5210802585228;9261
Rathje;Mike;SAN JOSE;SHARKS;D;2025000;21;14,5210802585228;9261
Zamuner;Robert;BOSTON;BRUINS;L;2000000;21;14,5086577385242;9261
Gratton;Chris;BUFFALO;SABRES;C;2000000;21;14,5086577385242;9261
Lachance;Scott;COLUMBUS;BLUE JACKETS;D;2000000;21;14,5086577385242;9261
Fedorov;Sergei;DETROIT;RED WINGS;C;2000000;21;14,5086577385242;9261
Ulanov;Igor;FLORIDA;PANTHERS;D;2000000;21;14,5086577385242;9261
Emerson;Nelson;LOS ANGELES;KINGS;R;2000000;21;14,5086577385242;9261
York;Jason;ANAHEIM;MIGHTY DUCKS;D;2000000;21;14,5086577385242;9261
Daneyko;Kenneth;NEW JERSEY;DEVILS;D;2000000;21;14,5086577385242;9261
Leschyshyn;Curtis;OTTAWA;SENATORS;D;2000000;21;14,5086577385242;9261
Doan;Shane;PHOENIX;COYOTES;R;2000000;21;14,5086577385242;9261
Renberg;Mikael;TORONTO;MAPLE LEAFS;R;2000000;21;14,5086577385242;9261
Bertuzzi;Todd;VANCOUVER;CANUCKS;L;2000000;21;14,5086577385242;9261
Ohlund;Mattias;VANCOUVER;CANUCKS;D;2000000;21;14,5086577385242;9261
Quintal;Stephane;MONTREAL;CANADIENS;D;1950000;20;14,4833399305399;8000
Langkow;Daymond;PHOENIX;COYOTES;C;1950000;20;14,4833399305399;8000
Biron;Martin;BUFFALO;SABRES;G;1900000;20;14,4573644441367;8000
Conroy;Craig;CALGARY;FLAMES;C;1900000;20;14,4573644441367;8000
Domi;Tie;TORONTO;MAPLE LEAFS;R;1900000;20;14,4573644441367;8000
Ronning;Cliff;MINNESOTA;WILD;C;1850000;20;14,4306961970545;8000
Walker;Scott;NASHVILLE;PREDATORS;R;1850000;20;14,4306961970545;8000
Sweeney;Don;BOSTON;BRUINS;D;1800000;20;14,4032972228664;8000
Samsonov;Sergei;BOSTON;BRUINS;L;1800000;20;14,4032972228664;8000
Nylander;Michael;CHICAGO;BLACKHAWKS;C;1800000;20;14,4032972228664;8000
Slegr;Jiri;DETROIT;RED WINGS;D;1800000;20;14,4032972228664;8000
Isbister;Brad;NEW YORK;ISLANDERS;L;1800000;20;14,4032972228664;8000
Sundstrom;Niklas;SAN JOSE;SHARKS;L;1800000;20;14,4032972228664;8000
Marleau;Patrick;SAN JOSE;SHARKS;C;1800000;20;14,4032972228664;8000
McInnis;Marty;BOSTON;BRUINS;L;1750000;20;14,3751263458997;8000
Sillinger;Michael;COLUMBUS;BLUE JACKETS;C;1750000;20;14,3751263458997;8000
Heinze;Stephen;LOS ANGELES;KINGS;R;1750000;20;14,3751263458997;8000
Korolev;Igor;CHICAGO;BLACKHAWKS;C;1700000;20;14,3461388090264;8000
Miller;Aaron;LOS ANGELES;KINGS;D;1700000;20;14,3461388090264;8000
Haller;Kevin;NEW YORK;ISLANDERS;D;1700000;20;14,3461388090264;8000
Modin;Fredrik;TAMPA BAY;LIGHTNING;L;1700000;20;14,3461388090264;8000
Warrener;Rhett;BUFFALO;SABRES;D;1650000;20;14,3162858458768;8000
Barnes;Stu;BUFFALO;SABRES;C;1600000;20;14,28551418721;8000
Salei;Ruslan;ANAHEIM;MIGHTY DUCKS;D;1600000;20;14,28551418721;8000
Karpa;David;NEW YORK;RANGERS;D;1600000;20;14,28551418721;8000
Lalime;Patrick;OTTAWA;SENATORS;G;1600000;20;14,28551418721;8000
Laukkanen;Janne;PITTSBURGH;PENGUINS;D;1600000;20;14,28551418721;8000
Baron;Murray;VANCOUVER;CANUCKS;D;1600000;20;14,28551418721;8000
Witt;Brendan;WASHINGTON;CAPITALS;D;1600000;19;14,28551418721;6859
Storr;Jamie;LOS ANGELES;KINGS;G;1595000;19;14,2823842942011;6859
Barnaby;Matthew;NEW YORK;RANGERS;R;1575000;19;14,2697658302419;6859
Johnson;Mike;PHOENIX;COYOTES;R;1550000;19;14,2537654888954;6859
Prospal;Vaclav;TAMPA BAY;LIGHTNING;C;1550000;19;14,2537654888954;6859
Taylor;Tim R.;TAMPA BAY;LIGHTNING;C;1550000;19;14,2537654888954;6859
Klee;Ken;WASHINGTON;CAPITALS;D;1550000;19;14,2537654888954;6859
Marchant;Todd;EDMONTON;OILERS;C;1540000;19;14,2472929743898;6859
Hoglund;Jonas;TORONTO;MAPLE LEAFS;L;1540000;19;14,2472929743898;6859
Brown;Curtis;BUFFALO;SABRES;C;1533333;19;14,2429543553999;6859
Konowalchuk;Steve;WASHINGTON;CAPITALS;L;1525000;19;14,2375049680236;6859
Weekes;Kevin;CAROLINA;HURRICANES;G;1507500;19;14,2259632075835;6859
Gelinas;Martin;CALGARY;FLAMES;L;1500000;19;14,2209756660724;6859
Ward;Aaron;CAROLINA;HURRICANES;D;1500000;19;14,2209756660724;6859
Reekie;Joe;CHICAGO;BLACKHAWKS;D;1500000;19;14,2209756660724;6859
Keane;Mike;COLORADO;AVALANCHE;R;1500000;19;14,2209756660724;6859
Dahlen;Ulf;DALLAS;STARS;R;1500000;19;14,2209756660724;6859
Larionov;Igor;DETROIT;RED WINGS;C;1500000;19;14,2209756660724;6859
Dopita;Jiri;EDMONTON;OILERS;C;1500000;19;14,2209756660724;6859
Titov;German;ANAHEIM;MIGHTY DUCKS;L;1500000;19;14,2209756660724;6859
Cullen;Matt;ANAHEIM;MIGHTY DUCKS;C;1500000;19;14,2209756660724;6859
Johnson;Greg;NASHVILLE;PREDATORS;C;1500000;19;14,2209756660724;6859
Madden;John;NEW JERSEY;DEVILS;L;1500000;19;14,2209756660724;6859
Arvedson;Magnus;OTTAWA;SENATORS;L;1500000;19;14,2209756660724;6859
Lecavalier;Vincent;TAMPA BAY;LIGHTNING;C;1500000;19;14,2209756660724;6859
Green;Travis;TORONTO;MAPLE LEAFS;C;1500000;19;14,2209756660724;6859
Cote;Sylvain;WASHINGTON;CAPITALS;D;1500000;19;14,2209756660724;6859
Wiemer;Jason;NEW YORK;ISLANDERS;C;1475000;19;14,2041685477561;6859
Werenka;Brad;CALGARY;FLAMES;D;1450000;19;14,1870741143968;6859
Devereaux;Boyd;DETROIT;RED WINGS;C;1450000;19;14,1870741143968;6859
Fernandez;Emmanuel;MINNESOTA;WILD;G;1450000;19;14,1870741143968;6859
Phillips;Chris;OTTAWA;SENATORS;D;1450000;19;14,1870741143968;6859
Berehowsky;Drake;PHOENIX;COYOTES;D;1450000;19;14,1870741143968;6859
Cullimore;Jassen;TAMPA BAY;LIGHTNING;D;1450000;19;14,1870741143968;6859
McKee;Jay;BUFFALO;SABRES;D;1433333;19;14,1755130594375;6859
Woolley;Jason;BUFFALO;SABRES;D;1425000;19;14,1696823716849;6859
Thornton;Scott;SAN JOSE;SHARKS;L;1425000;19;14,1696823716849;6859
McAmmond;Dean;CALGARY;FLAMES;L;1400000;19;14,1519827945855;6859
Morris;Derek;CALGARY;FLAMES;D;1400000;18;14,1519827945855;5832
Marshall;Grant;COLUMBUS;BLUE JACKETS;R;1400000;18;14,1519827945855;5832
Timonen;Kimmo;NASHVILLE;PREDATORS;D;1400000;18;14,1519827945855;5832
Simpson;Todd;PHOENIX;COYOTES;D;1400000;18;14,1519827945855;5832
Hedberg;Johan;PITTSBURGH;PENGUINS;G;1400000;18;14,1519827945855;5832
Pilon;Richard;ST-LOUIS;BLUES;D;1400000;18;14,1519827945855;5832
de Vries;Greg;COLORADO;AVALANCHE;D;1375000;18;14,1339642890828;5832
Tucker;Darcy;TORONTO;MAPLE LEAFS;C;1375000;18;14,1339642890828;5832
Knutsen;Espen;COLUMBUS;BLUE JACKETS;C;1350000;18;14,1156151504146;5832
Podein;Shjon;ST-LOUIS;BLUES;L;1350000;18;14,1156151504146;5832
Handzus;Michal;PHILADELPHIA;FLYERS;C;1333333;18;14,103192380416;5832
Savard;Marc;CALGARY;FLAMES;C;1300000;18;14,0778748224318;5832
Kron;Robert;COLUMBUS;BLUE JACKETS;R;1300000;18;14,0778748224318;5832
Spacek;Jaroslav;COLUMBUS;BLUE JACKETS;D;1300000;18;14,0778748224318;5832
Rivet;Craig;MONTREAL;CANADIENS;D;1300000;18;14,0778748224318;5832
Brylin;Sergei;NEW JERSEY;DEVILS;C;1300000;18;14,0778748224318;5832
Harvey;Todd;SAN JOSE;SHARKS;C;1300000;18;14,0778748224318;5832
Dandenault;Mathieu;DETROIT;RED WINGS;D;1262500;18;14,0486044401317;5832
Hnilicka;Milan;ATLANTA;THRASHERS;G;1250000;18;14,0386541092785;5832
Tamer;Chris;ATLANTA;THRASHERS;D;1250000;18;14,0386541092785;5832
Moreau;Ethan;EDMONTON;OILERS;L;1250000;18;14,0386541092785;5832
Houlder;Bill;NASHVILLE;PREDATORS;D;1250000;18;14,0386541092785;5832
Holzinger;Brian;TAMPA BAY;LIGHTNING;C;1250000;18;14,0386541092785;5832
Kaberle;Tomas;TORONTO;MAPLE LEAFS;D;1250000;18;14,0386541092785;5832
Nikolishin;Andrei;WASHINGTON;CAPITALS;C;1240250;18;14,0308235301633;5832
Hulse;Cale;NASHVILLE;PREDATORS;D;1210000;18;14,0061309175729;5832
Shields;Steve;BOSTON;BRUINS;G;1200000;18;13,9978321147582;5832
Yelle;Stephane;COLORADO;AVALANCHE;C;1200000;18;13,9978321147582;5832
York;Michael;EDMONTON;OILERS;C;1200000;17;13,9978321147582;4913
Dykhuis;Karl;MONTREAL;CANADIENS;D;1200000;17;13,9978321147582;4913
Dackell;Andreas;MONTREAL;CANADIENS;R;1200000;17;13,9978321147582;4913
Lapointe;Claude;NEW YORK;ISLANDERS;C;1200000;17;13,9978321147582;4913
May;Brad;PHOENIX;COYOTES;L;1200000;17;13,9978321147582;4913
Neckar;Stanislav;TAMPA BAY;LIGHTNING;D;1200000;17;13,9978321147582;4913
Berg;Aki-Petteri;TORONTO;MAPLE LEAFS;D;1200000;17;13,9978321147582;4913
McCarthy;Sandy;NEW YORK;RANGERS;R;1175000;17;13,9767787055604;4913
Lumme;Jyrki;TORONTO;MAPLE LEAFS;D;1165000;17;13,9682316449819;4913
Brathwaite;Fred;ST-LOUIS;BLUES;G;1155000;17;13,959610901938;4913
Draper;Kris;DETROIT;RED WINGS;C;1150000;17;13,9552725003394;4913
Holmstrom;Tomas;DETROIT;RED WINGS;L;1150000;17;13,9552725003394;4913
Brunette;Andrew;MINNESOTA;WILD;L;1150000;17;13,9552725003394;4913
Albelin;Tommy;NEW JERSEY;DEVILS;D;1150000;17;13,9552725003394;4913
Kovalchuk;Ilja;ATLANTA;THRASHERS;L;1130000;17;13,9377281906885;4913
Blackburn;Dan;NEW YORK;RANGERS;G;1130000;17;13,9377281906885;4913
Connolly;Tim;BUFFALO;SABRES;C;1127500;17;13,935513350359;4913
Kilger;Chad;MONTREAL;CANADIENS;C;1127360;17;13,935389174135;4913
Shantz;Jeff;CALGARY;FLAMES;C;1125000;17;13,9332935936207;4913
Murray;Rem;NEW YORK;RANGERS;L;1125000;17;13,9332935936207;4913
Cloutier;Dan;VANCOUVER;CANUCKS;G;1125000;17;13,9332935936207;4913
Gill;Hal;BOSTON;BRUINS;D;1100000;17;13,9108207377686;4913
Afinogenov;Maxim;BUFFALO;SABRES;R;1100000;17;13,9108207377686;4913
Gauthier;Denis;CALGARY;FLAMES;D;1100000;17;13,9108207377686;4913
Skoula;Martin;COLORADO;AVALANCHE;D;1100000;17;13,9108207377686;4913
Rasmussen;Erik;LOS ANGELES;KINGS;C;1100000;16;13,9108207377686;4096
Olausson;Fredrik;ANAHEIM;MIGHTY DUCKS;D;1100000;16;13,9108207377686;4096
Souray;Sheldon;MONTREAL;CANADIENS;D;1100000;16;13,9108207377686;4096
Snow;Garth;NEW YORK;ISLANDERS;G;1100000;16;13,9108207377686;4096
Brunet;Benoit;OTTAWA;SENATORS;L;1100000;16;13,9108207377686;4096
Chara;Zdeno;OTTAWA;SENATORS;D;1100000;16;13,9108207377686;4096
Morozov;Aleksey;PITTSBURGH;PENGUINS;R;1100000;16;13,9108207377686;4096
Hlavac;Jan;VANCOUVER;CANUCKS;L;1100000;16;13,9108207377686;4096
Heatley;Dany;ATLANTA;THRASHERS;R;1075000;16;13,8878312195439;4096
Hecht;Jochen;BUFFALO;SABRES;C;1075000;16;13,8878312195439;4096
Gaborik;Marian;MINNESOTA;WILD;L;1075000;16;13,8878312195439;4096
Hartnell;Scott;NASHVILLE;PREDATORS;R;1075000;16;13,8878312195439;4096
Kolanos;Krystofer;PHOENIX;COYOTES;C;1075000;16;13,8878312195439;4096
Alexeev;Nikita;TAMPA BAY;LIGHTNING;R;1075000;16;13,8878312195439;4096
Regehr;Robyn;CALGARY;FLAMES;D;1072500;16;13,8855029297843;4096
Fischer;Jiri;DETROIT;RED WINGS;D;1072500;16;13,8855029297843;4096
Vishnevsky;Vitali;ANAHEIM;MIGHTY DUCKS;D;1072500;16;13,8855029297843;4096
Legwand;David;NASHVILLE;PREDATORS;C;1072500;16;13,8855029297843;4096
Maltby;Kirk;DETROIT;RED WINGS;L;1058750;16;13,8725995249484;4096
Johnson;Matt;MINNESOTA;WILD;L;1058750;16;13,8725995249484;4096
Stevenson;Turner;NEW JERSEY;DEVILS;R;1050000;16;13,8643007221337;4096
Johnsson;Kim;PHILADELPHIA;FLYERS;D;1050000;16;13,8643007221337;4096
Pushor;Jamie;PITTSBURGH;PENGUINS;D;1045000;16;13,859527443381;4096
Pyatt;Taylor;BUFFALO;SABRES;L;1025000;16;13,8402031705546;4096
Comrie;Mike;EDMONTON;OILERS;C;1025000;16;13,8402031705546;4096
Jillson;Jeff;SAN JOSE;SHARKS;D;1025000;16;13,8402031705546;4096
Van Ryn;Mike;ST-LOUIS;BLUES;D;1025000;16;13,8402031705546;4096
Sedin;Henrik;VANCOUVER;CANUCKS;C;1025000;15;13,8402031705546;3375
Stefan;Patrik;ATLANTA;THRASHERS;C;1000000;15;13,8155105579643;3375
Varada;Vaclav;BUFFALO;SABRES;R;1000000;15;13,8155105579643;3375
Dumont;Jean-Pierre;BUFFALO;SABRES;R;1000000;15;13,8155105579643;3375
Thomas;Steve;CHICAGO;BLACKHAWKS;L;1000000;15;13,8155105579643;3375
Pellerin;Scott;DALLAS;STARS;L;1000000;15;13,8155105579643;3375
Laus;Paul;FLORIDA;PANTHERS;R;1000000;15;13,8155105579643;3375
Kjellberg;Patric;ANAHEIM;MIGHTY DUCKS;L;1000000;15;13,8155105579643;3375
Petrov;Oleg;MONTREAL;CANADIENS;R;1000000;15;13,8155105579643;3375
Timander;Mattias;NEW YORK;ISLANDERS;D;1000000;15;13,8155105579643;3375
Van Impe;Darren;NEW YORK;ISLANDERS;D;1000000;15;13,8155105579643;3375
Nazarov;Andrei;PHOENIX;COYOTES;R;1000000;15;13,8155105579643;3375
Hrdina;Jan;PITTSBURGH;PENGUINS;C;1000000;15;13,8155105579643;3375
Sturm;Marco;SAN JOSE;SHARKS;C;1000000;15;13,8155105579643;3375
Finley;Jeff;ST-LOUIS;BLUES;D;1000000;15;13,8155105579643;3375
Nash;Tyson;ST-LOUIS;BLUES;L;1000000;15;13,8155105579643;3375
Zubrus;Dainius;WASHINGTON;CAPITALS;R;1000000;15;13,8155105579643;3375
Ference;Brad;FLORIDA;PANTHERS;D;975000;15;13,79019274998;3375
Marshall;Jason;MINNESOTA;WILD;D;975000;15;13,79019274998;3375
Williams;Justin;PHILADELPHIA;FLYERS;R;975000;15;13,79019274998;3375
Richards;Brad;TAMPA BAY;LIGHTNING;C;975000;15;13,79019274998;3375
Keefe;Sheldon;TAMPA BAY;LIGHTNING;R;975000;15;13,79019274998;3375
Jokinen;Olli;FLORIDA;PANTHERS;C;968000;15;13,7829873662587;3375
McCauley;Alyn;TORONTO;MAPLE LEAFS;C;951700;15;13,7660051380604;3375
Kaberle;Frantisek;ATLANTA;THRASHERS;D;950000;15;13,7642172635767;3375
Denis;Marc;COLUMBUS;BLUE JACKETS;G;950000;15;13,7642172635767;3375
Malhotra;Manny;DALLAS;STARS;C;950000;15;13,7642172635767;3375
Eastwood;Michael;ST-LOUIS;BLUES;C;950000;15;13,7642172635767;3375
Fitzgerald;Tom;TORONTO;MAPLE LEAFS;R;950000;15;13,7642172635767;3375
Halpern;Jeff;WASHINGTON;CAPITALS;C;950000;15;13,7642172635767;3375
Desrochers;Patrick;PHOENIX;COYOTES;G;935000;15;13,7483018082708;3375
Lowry;Dave;CALGARY;FLAMES;L;925000;15;13,7375490164946;3375
Nilson;Marcus;FLORIDA;PANTHERS;C;925000;15;13,7375490164946;3375
Huselius;Kristian;FLORIDA;PANTHERS;R;925000;15;13,7375490164946;3375
Markov;Daniil;PHOENIX;COYOTES;D;925000;14;13,7375490164946;2744
Axelsson;Per Johan;BOSTON;BRUINS;L;907500;14;13,7184488451211;2744
Luongo;Roberto;FLORIDA;PANTHERS;G;907500;14;13,7184488451211;2744
Norton;Jeff;BOSTON;BRUINS;D;900000;14;13,7101500423064;2744
Malik;Marek;CAROLINA;HURRICANES;D;900000;14;13,7101500423064;2744
Tanguay;Alex;COLORADO;AVALANCHE;C;900000;14;13,7101500423064;2744
Manson;Dave;DALLAS;STARS;D;900000;14;13,7101500423064;2744
Legace;Manny;DETROIT;RED WINGS;G;900000;14;13,7101500423064;2744
Laraque;Georges;EDMONTON;OILERS;R;900000;14;13,7101500423064;2744
Laperriere;Ian;LOS ANGELES;KINGS;C;900000;14;13,7101500423064;2744
Giguere;Jean-Sebastien;ANAHEIM;MIGHTY DUCKS;G;900000;14;13,7101500423064;2744
Leclerc;Mike;ANAHEIM;MIGHTY DUCKS;L;900000;14;13,7101500423064;2744
Trnka;Pavel;ANAHEIM;MIGHTY DUCKS;D;900000;14;13,7101500423064;2744
Vokoun;Tomas;NASHVILLE;PREDATORS;G;900000;14;13,7101500423064;2744
Delmore;Andy;NASHVILLE;PREDATORS;D;900000;14;13,7101500423064;2744
Khavanov;Alexander;ST-LOUIS;BLUES;D;900000;14;13,7101500423064;2744
Klatt;Trent;VANCOUVER;CANUCKS;R;900000;14;13,7101500423064;2744
Morrow;Brenden;DALLAS;STARS;L;895000;14;13,704578997257;2744
Salo;Sami;OTTAWA;SENATORS;D;880000;14;13,6876771864544;2744
Wilson;Mike;PITTSBURGH;PENGUINS;D;875000;14;13,6819791653398;2744
Billington;Craig;WASHINGTON;CAPITALS;G;868000;14;13,6739469936425;2744
Berard;Bryan;BOSTON;BRUINS;D;850000;14;13,6529916284665;2744
Kalinin;Dimitri;BUFFALO;SABRES;D;850000;14;13,6529916284665;2744
Staios;Steve;EDMONTON;OILERS;D;850000;13;13,6529916284665;2197
Cleary;Daniel;EDMONTON;OILERS;R;850000;13;13,6529916284665;2197
Yachmenev;Vitali;NASHVILLE;PREDATORS;R;850000;13;13,6529916284665;2197
Zyuzin;Andrei;NEW JERSEY;DEVILS;D;850000;13;13,6529916284665;2197
Oliwa;Krzysztof;NEW YORK;RANGERS;L;850000;13;13,6529916284665;2197
Hurme;Jani;OTTAWA;SENATORS;G;850000;13;13,6529916284665;2197
Kraft;Milan;PITTSBURGH;PENGUINS;C;850000;13;13,6529916284665;2197
Andreychuk;David;TAMPA BAY;LIGHTNING;L;850000;13;13,6529916284665;2197
Sarich;Cory;TAMPA BAY;LIGHTNING;D;850000;13;13,6529916284665;2197
Havelid;Niclas;ANAHEIM;MIGHTY DUCKS;D;830000;13;13,6291809797728;2197
Primeau;Wayne;PITTSBURGH;PENGUINS;C;825000;13;13,6231386653168;2197
Lukowich;Brad;TAMPA BAY;LIGHTNING;D;825000;13;13,6231386653168;2197
Aubin;Jean-Sebastien;PITTSBURGH;PENGUINS;G;820000;13;13,6170596192404;2197
Robitaille;Randy;PITTSBURGH;PENGUINS;C;820000;13;13,6170596192404;2197
Hrkac;Anthony;ATLANTA;THRASHERS;C;800000;13;13,5923670066501;2197
Kultanen;Jarno;BOSTON;BRUINS;D;800000;13;13,5923670066501;2197
Calder;Kyle;CHICAGO;BLACKHAWKS;C;800000;13;13,5923670066501;2197
DiMaio;Robert;DALLAS;STARS;R;800000;13;13,5923670066501;2197
Muller;Kirk;DALLAS;STARS;C;800000;13;13,5923670066501;2197
Walz;Wes;MINNESOTA;WILD;C;800000;13;13,5923670066501;2197
Havlat;Martin;OTTAWA;SENATORS;C;800000;13;13,5923670066501;2197
Jonsson;Hans;PITTSBURGH;PENGUINS;D;800000;13;13,5923670066501;2197
Mayers;Jamal;ST-LOUIS;BLUES;R;800000;13;13,5923670066501;2197
Green;Josh;EDMONTON;OILERS;L;798600;12;13,5906154736113;1728
Novoseltsev;Ivan;FLORIDA;PANTHERS;R;797500;12;13,5892371136411;1728
Lindgren;Mats;NEW YORK;ISLANDERS;L;797500;12;13,5892371136411;1728
Tallinder;Henrik;BUFFALO;SABRES;D;775000;12;13,5606183083355;1728
Kuba;Filip;MINNESOTA;WILD;D;775000;12;13,5606183083355;1728
Skrastins;Karlis;NASHVILLE;PREDATORS;D;775000;12;13,5606183083355;1728
Vaananen;Ossi;PHOENIX;COYOTES;D;775000;12;13,5606183083355;1728
Commodore;Mike;ANAHEIM;MIGHTY DUCKS;D;770000;12;13,5541457938299;1728
Belak;Wade;TORONTO;MAPLE LEAFS;D;770000;12;13,5541457938299;1728
Chubarov;Artem;VANCOUVER;CANUCKS;C;770000;12;13,5541457938299;1728
Knuble;Michael;BOSTON;BRUINS;R;750000;12;13,5278284855125;1728
Milley;Norman;BUFFALO;SABRES;R;750000;12;13,5278284855125;1728
Battaglia;Bates;CAROLINA;HURRICANES;L;750000;12;13,5278284855125;1728
Wright;Tyler;COLUMBUS;BLUE JACKETS;C;750000;12;13,5278284855125;1728
Johnson;Ryan;FLORIDA;PANTHERS;C;750000;12;13,5278284855125;1728
Visnovsky;Lubomir;LOS ANGELES;KINGS;D;750000;12;13,5278284855125;1728
Brown;Brad;MINNESOTA;WILD;D;750000;12;13,5278284855125;1728
Dowd;James;MINNESOTA;WILD;C;750000;12;13,5278284855125;1728
Hendrickson;Darby;MINNESOTA;WILD;C;750000;12;13,5278284855125;1728
Muckalt;Bill;MINNESOTA;WILD;R;750000;12;13,5278284855125;1728
Karalahti;Jere;NASHVILLE;PREDATORS;D;750000;12;13,5278284855125;1728
Arkhipov;Denis;NASHVILLE;PREDATORS;C;750000;12;13,5278284855125;1728
Pandolfo;Jay;NEW JERSEY;DEVILS;L;750000;12;13,5278284855125;1728
Cairns;Eric;NEW YORK;ISLANDERS;D;750000;12;13,5278284855125;1728
Ylonen;Juha;OTTAWA;SENATORS;C;750000;12;13,5278284855125;1728
Robidas;Stephane;MONTREAL;CANADIENS;D;740000;12;13,5144054651804;1728
Traverse;Patrick;MONTREAL;CANADIENS;D;737500;12;13,5110213671961;1728
Bombardir;Brad;MINNESOTA;WILD;D;735000;12;13,507625778195;1728
Sekeras;Lubomir;MINNESOTA;WILD;D;735000;12;13,507625778195;1728
Wallin;Jesse;DETROIT;RED WINGS;D;726000;12;13,4953052938069;1728
Zholtok;Sergei;MINNESOTA;WILD;C;725000;12;13,4939269338368;1728
Berglund;Christian;NEW JERSEY;DEVILS;C;725000;11;13,4939269338368;1331
Boynton;Nicholas;BOSTON;BRUINS;D;715000;11;13,4800378216761;1331
Lydman;Toni;CALGARY;FLAMES;D;715000;11;13,4800378216761;1331
Clymer;Ben;TAMPA BAY;LIGHTNING;R;715000;11;13,4800378216761;1331
Fedotenko;Ruslan;TAMPA BAY;LIGHTNING;L;715000;11;13,4800378216761;1331
Buzek;Petr;CALGARY;FLAMES;D;710000;11;13,4730202490175;1331
Gionta;Brian;NEW JERSEY;DEVILS;R;705000;11;13,4659530817944;1331
Adams;Kevyn;CAROLINA;HURRICANES;C;700000;11;13,4588356140255;1331
Svoboda;Jaroslav;CAROLINA;HURRICANES;L;700000;11;13,4588356140255;1331
Messier;Eric;COLORADO;AVALANCHE;D;700000;11;13,4588356140255;1331
Datsyuk;Pavel;DETROIT;RED WINGS;C;700000;11;13,4588356140255;1331
Hagman;Niklas;FLORIDA;PANTHERS;L;700000;11;13,4588356140255;1331
Johnson;Craig;LOS ANGELES;KINGS;L;700000;11;13,4588356140255;1331
Odjick;Gino;MONTREAL;CANADIENS;R;700000;11;13,4588356140255;1331
Grimson;Stu;NASHVILLE;PREDATORS;L;700000;11;13,4588356140255;1331
Richer;Stephane J.J.;NEW JERSEY;DEVILS;R;700000;11;13,4588356140255;1331
Moran;Ian;PITTSBURGH;PENGUINS;D;700000;11;13,4588356140255;1331
Roy;Andre;TAMPA BAY;LIGHTNING;L;700000;11;13,4588356140255;1331
Valk;Garry;TORONTO;MAPLE LEAFS;L;700000;11;13,4588356140255;1331
Pilar;Karel;TORONTO;MAPLE LEAFS;D;700000;11;13,4588356140255;1331
Brown;Sean;BOSTON;BRUINS;D;687500;10;13,4408171085229;1000
Donovan;Shean;PITTSBURGH;PENGUINS;R;684500;10;13,4364439237106;1000
Bulis;Jan;MONTREAL;CANADIENS;C;675000;10;13,4224679698547;1000
Markov;Andrei;MONTREAL;CANADIENS;D;675000;10;13,4224679698547;1000
White;John Colin;NEW JERSEY;DEVILS;D;675000;10;13,4224679698547;1000
Benysek;Ladislav;MINNESOTA;WILD;D;667500;10;13,4112946692565;1000
Bouillon;Francis;MONTREAL;CANADIENS;D;667435;10;13,4111972862378;1000
Webb;Stephen;NEW YORK;ISLANDERS;R;667435;10;13,4111972862378;1000
Wilson;Landon;PHOENIX;COYOTES;R;667435;10;13,4111972862378;1000
Eloranta;Mikko;LOS ANGELES;KINGS;L;667434;10;13,4111957879635;1000
MacDonald;Craig;CAROLINA;HURRICANES;C;660000;10;13,3999951140026;1000
Tjarnqvist;Daniel;ATLANTA;THRASHERS;D;650000;10;13,3847276418718;1000
Svartvadet;Per;ATLANTA;THRASHERS;L;650000;10;13,3847276418718;1000
Grosek;Michal;BOSTON;BRUINS;L;650000;10;13,3847276418718;1000
Betts;Blair;CALGARY;FLAMES;C;650000;10;13,3847276418718;1000
Vyborny;David;COLUMBUS;BLUE JACKETS;C;650000;10;13,3847276418718;1000
Reasoner;Marty;EDMONTON;OILERS;C;650000;10;13,3847276418718;1000
Belanger;Eric;LOS ANGELES;KINGS;C;650000;10;13,3847276418718;1000
Johansson;Andreas;NASHVILLE;PREDATORS;C;650000;10;13,3847276418718;1000
Kvasha;Oleg;NEW YORK;ISLANDERS;L;650000;10;13,3847276418718;1000
Olvestad;Jimmie;TAMPA BAY;LIGHTNING;L;650000;10;13,3847276418718;1000
Kidd;Trevor;TORONTO;MAPLE LEAFS;G;650000;10;13,3847276418718;1000
Allison;Jamie;COLUMBUS;BLUE JACKETS;D;625000;10;13,3455069287185;1000
Domenichelli;Hnat;MINNESOTA;WILD;L;625000;10;13,3455069287185;1000
Dingman;Chris;TAMPA BAY;LIGHTNING;L;625000;10;13,3455069287185;1000
Willis;Shane;TAMPA BAY;LIGHTNING;R;615600;10;13,3303526809469;1000
Tselios;Nikos;CAROLINA;HURRICANES;D;605000;10;13,312983737013;1000
Odgers;Jeff;ATLANTA;THRASHERS;R;600000;10;13,3046849341983;1000
Grahame;John;BOSTON;BRUINS;G;600000;10;13,3046849341983;1000
Patrick;James;BUFFALO;SABRES;D;600000;9;13,3046849341983;729
Wallin;Niclas;CAROLINA;HURRICANES;D;600000;9;13,3046849341983;729
Hinote;Dan;COLORADO;AVALANCHE;R;600000;9;13,3046849341983;729
Grand-Pierre;J-Luc;COLUMBUS;BLUE JACKETS;D;600000;9;13,3046849341983;729
Turco;Marty;DALLAS;STARS;G;600000;9;13,3046849341983;729
Matteau;Stephane;FLORIDA;PANTHERS;L;600000;9;13,3046849341983;729
Worrell;Peter;FLORIDA;PANTHERS;L;600000;9;13,3046849341983;729
Belanger;Ken;LOS ANGELES;KINGS;L;600000;9;13,3046849341983;729
Modry;Jaroslav;LOS ANGELES;KINGS;D;600000;9;13,3046849341983;729
Roloson;Dwayne;MINNESOTA;WILD;G;600000;9;13,3046849341983;729
Mitchell;William;MINNESOTA;WILD;D;600000;9;13,3046849341983;729
Lindsay;Bill;MONTREAL;CANADIENS;L;600000;9;13,3046849341983;729
Hnidy;Shane;OTTAWA;SENATORS;D;600000;9;13,3046849341983;729
Murray;Marty;PHILADELPHIA;FLYERS;C;600000;9;13,3046849341983;729
Ranheim;Paul;PHILADELPHIA;FLYERS;L;600000;9;13,3046849341983;729
Buchberger;Kelly;PHOENIX;COYOTES;R;600000;9;13,3046849341983;729
Suchy;Radoslav;PHOENIX;COYOTES;D;600000;9;13,3046849341983;729
Manderville;Kent;PITTSBURGH;PENGUINS;C;600000;9;13,3046849341983;729
Stevens;Kevin;PITTSBURGH;PENGUINS;L;600000;9;13,3046849341983;729
Heins;Shawn;SAN JOSE;SHARKS;D;600000;9;13,3046849341983;729
Barrasso;Tom;TORONTO;MAPLE LEAFS;G;600000;9;13,3046849341983;729
Yonkman;Nolan;WASHINGTON;CAPITALS;D;600000;8;13,3046849341983;512
Rheaume;Pascal;ATLANTA;THRASHERS;C;575000;8;13,2621253197795;512
Sutton;Andy;ATLANTA;THRASHERS;D;575000;8;13,2621253197795;512
Hartigan;Mark;ATLANTA;THRASHERS;C;575000;8;13,2621253197795;512
Westlund;Tommy;CAROLINA;HURRICANES;L;575000;8;13,2621253197795;512
Horcoff;Shawn;EDMONTON;OILERS;C;575000;8;13,2621253197795;512
McDonald;Andy;ANAHEIM;MIGHTY DUCKS;C;575000;8;13,2621253197795;512
Gilchrist;Brent;NASHVILLE;PREDATORS;C;575000;8;13,2621253197795;512
Wilm;Clarke;NASHVILLE;PREDATORS;C;575000;8;13,2621253197795;512
McAllister;Chris;PHILADELPHIA;FLYERS;D;575000;8;13,2621253197795;512
Radivojevic;Branko;PHOENIX;COYOTES;R;575000;8;13,2621253197795;512
Parker;Scott;COLORADO;AVALANCHE;R;574750;8;13,2616904426254;512
Kallio;Tomi;ATLANTA;THRASHERS;L;550000;8;13,2176735572087;512
Passmore;Steve;CHICAGO;BLACKHAWKS;G;550000;8;13,2176735572087;512
Poapst;Steve;CHICAGO;BLACKHAWKS;D;550000;8;13,2176735572087;512
VandenBussche;Ryan;CHICAGO;BLACKHAWKS;R;550000;8;13,2176735572087;512
Arnason;Tyler;CHICAGO;BLACKHAWKS;C;550000;8;13,2176735572087;512
Lambert;Denny;ANAHEIM;MIGHTY DUCKS;L;550000;8;13,2176735572087;512
Pahlsson;Samuel;ANAHEIM;MIGHTY DUCKS;C;550000;8;13,2176735572087;512
Van Allen;Shaun;MONTREAL;CANADIENS;C;550000;8;13,2176735572087;512
Orszagh;Vladimir;NASHVILLE;PREDATORS;R;550000;8;13,2176735572087;512
Erat;Martin;NASHVILLE;PREDATORS;L;550000;8;13,2176735572087;512
Schwab;Corey;NEW JERSEY;DEVILS;G;550000;7;13,2176735572087;343
Bates;Shawn;NEW YORK;ISLANDERS;C;550000;7;13,2176735572087;343
LaCouture;Dan;PITTSBURGH;PENGUINS;L;550000;7;13,2176735572087;343
Nieminen;Ville;PITTSBURGH;PENGUINS;L;550000;7;13,2176735572087;343
Kiprusoff;Miikka;SAN JOSE;SHARKS;G;550000;7;13,2176735572087;343
Johnson;Brent;ST-LOUIS;BLUES;G;550000;7;13,2176735572087;343
Miller;Kip;WASHINGTON;CAPITALS;C;550000;7;13,2176735572087;343
Corso;Daniel;ST-LOUIS;BLUES;C;544500;7;13,2076232213552;343
Klesla;Rostislav;COLUMBUS;BLUE JACKETS;D;537500;7;13,194684038984;343
Clark;Chris;CALGARY;FLAMES;R;530000;7;13,1806322855283;343
Cole;Erik;CAROLINA;HURRICANES;R;525000;7;13,1711535415738;343
McKenzie;Jim;NEW JERSEY;DEVILS;L;525000;7;13,1711535415738;343
Peat;Stephen;WASHINGTON;CAPITALS;R;525000;7;13,1711535415738;343
Pettinger;Matt;WASHINGTON;CAPITALS;L;525000;7;13,1711535415738;343
Salvador;Bryce;ST-LOUIS;BLUES;D;520000;7;13,1615840905576;343
Sedin;Daniel;VANCOUVER;CANUCKS;L;512500;7;13,1470559899947;343
Krupp;Uwe;ATLANTA;THRASHERS;D;500000;7;13,1223633774043;343
Bartecko;Lubos;ATLANTA;THRASHERS;L;500000;7;13,1223633774043;343
Langdon;Darren;CAROLINA;HURRICANES;L;500000;7;13,1223633774043;343
Strudwick;Jason;CHICAGO;BLACKHAWKS;D;500000;7;13,1223633774043;343
Aubin;Serge;COLORADO;AVALANCHE;C;500000;7;13,1223633774043;343
Muir;Bryan;COLORADO;AVALANCHE;D;500000;6;13,1223633774043;216
Pitlick;Lance;COLORADO;AVALANCHE;D;500000;6;13,1223633774043;216
Dineen;Kevin;COLUMBUS;BLUE JACKETS;R;500000;6;13,1223633774043;216
Ferguson;Scott;EDMONTON;OILERS;D;500000;6;13,1223633774043;216
Dagenais;Pierre;FLORIDA;PANTHERS;L;500000;6;13,1223633774043;216
Beaudoin;Eric;FLORIDA;PANTHERS;L;500000;6;13,1223633774043;216
Reirden;Todd;ANAHEIM;MIGHTY DUCKS;D;500000;6;13,1223633774043;216
Blouin;Sylvain;MINNESOTA;WILD;L;500000;6;13,1223633774043;216
Park;Richard;MINNESOTA;WILD;C;500000;6;13,1223633774043;216
Pederson;Denis;NASHVILLE;PREDATORS;C;500000;6;13,1223633774043;216
Trepanier;Pascal;NASHVILLE;PREDATORS;D;500000;6;13,1223633774043;216
Eaton;Mark;NASHVILLE;PREDATORS;D;500000;6;13,1223633774043;216
Cummins;Jim;NEW YORK;ISLANDERS;R;500000;6;13,1223633774043;216
Blake;Jason;NEW YORK;ISLANDERS;L;500000;6;13,1223633774043;216
Purinton;Dale;NEW YORK;RANGERS;D;500000;6;13,1223633774043;216
Samuelsson;Mikael;NEW YORK;RANGERS;R;500000;6;13,1223633774043;216
Esche;Robert;PHILADELPHIA;FLYERS;G;500000;6;13,1223633774043;216
Fedoruk;Todd;PHILADELPHIA;FLYERS;L;500000;6;13,1223633774043;216
Focht;Dan;PHOENIX;COYOTES;D;500000;6;13,1223633774043;216
Laflamme;Christian;ST-LOUIS;BLUES;D;500000;6;13,1223633774043;216
Divis;Reinhard;ST-LOUIS;BLUES;G;500000;6;13,1223633774043;216
Pratt;Nolan;TAMPA BAY;LIGHTNING;D;500000;5;13,1223633774043;125
Gavey;Aaron;TORONTO;MAPLE LEAFS;C;500000;5;13,1223633774043;125
Letowski;Trevor;VANCOUVER;CANUCKS;C;500000;5;13,1223633774043;125
Metropolit;Glen;WASHINGTON;CAPITALS;C;500000;5;13,1223633774043;125
Roest;Stacy;DETROIT;RED WINGS;C;495000;5;13,1123130415508;125
Fortin;Jean-Francois;WASHINGTON;CAPITALS;D;495000;5;13,1123130415508;125
Bell;Mark;CHICAGO;BLACKHAWKS;C;487500;5;13,09704556942;125
Sim;Jonathan;DALLAS;STARS;C;484000;5;13,0898401856988;125
Dwyer;Gordie;TAMPA BAY;LIGHTNING;L;484000;5;13,0898401856988;125
Cowan;Jeff;ATLANTA;THRASHERS;L;475000;5;13,0710700830168;125
Herperger;Chris;ATLANTA;THRASHERS;C;475000;5;13,0710700830168;125
Kotalik;Ales;BUFFALO;SABRES;C;475000;5;13,0710700830168;125
Reinprecht;Steven;COLORADO;AVALANCHE;C;475000;5;13,0710700830168;125
Kuznetsov;Maxim;DETROIT;RED WINGS;D;475000;5;13,0710700830168;125
Lasak;Jan;NASHVILLE;PREDATORS;G;475000;5;13,0710700830168;125
Tarnstrom;Dick;NEW YORK;ISLANDERS;D;475000;5;13,0710700830168;125
Korolev;Evgeny;NEW YORK;ISLANDERS;D;475000;4;13,0710700830168;64
Sopel;Brent;VANCOUVER;CANUCKS;D;475000;4;13,0710700830168;64
Forbes;Colin;WASHINGTON;CAPITALS;L;475000;4;13,0710700830168;64
Tetarenko;Joey;FLORIDA;PANTHERS;R;471900;4;13,0645223777145;64
Bradley;Matt;SAN JOSE;SHARKS;R;467500;4;13,0551546277109;64
Smith;Mark;SAN JOSE;SHARKS;C;467500;4;13,0551546277109;64
Markkanen;Jussi;EDMONTON;OILERS;G;462500;4;13,0444018359346;64
Davidson;Matt;COLUMBUS;BLUE JACKETS;R;452540;4;13,0226314360053;64
Noronen;Mika;BUFFALO;SABRES;G;450000;4;13,0170028617465;64
Campbell;Brian;BUFFALO;SABRES;D;450000;4;13,0170028617465;64
Aebischer;David;COLORADO;AVALANCHE;G;450000;4;13,0170028617465;64
Hawgood;Greg;DALLAS;STARS;D;450000;4;13,0170028617465;64
Downey;Aaron;DALLAS;STARS;R;450000;4;13,0170028617465;64
Hyvonen;Hannes;FLORIDA;PANTHERS;D;450000;4;13,0170028617465;64
Bylsma;Dan;ANAHEIM;MIGHTY DUCKS;L;450000;4;13,0170028617465;64
Kochan;Dieter;MINNESOTA;WILD;G;450000;4;13,0170028617465;64
Salomonsson;Andreas;NEW JERSEY;DEVILS;L;450000;4;13,0170028617465;64
Hordichuk;Darcy;PHOENIX;COYOTES;L;450000;4;13,0170028617465;64
Dubinsky;Steve;ST-LOUIS;BLUES;C;450000;4;13,0170028617465;64
Low;Reed;ST-LOUIS;BLUES;R;450000;4;13,0170028617465;64
Cibak;Martin;TAMPA BAY;LIGHTNING;C;450000;4;13,0170028617465;64
Cooke;Matt;VANCOUVER;CANUCKS;L;450000;3;13,0170028617465;27
Skudra;Peter;VANCOUVER;CANUCKS;G;450000;3;13,0170028617465;27
Ferraro;Chris;WASHINGTON;CAPITALS;R;450000;3;13,0170028617465;27
Rohloff;Todd;WASHINGTON;CAPITALS;D;450000;3;13,0170028617465;27
Helenius;Sami;DALLAS;STARS;D;440000;3;12,9945300058944;27
Ference;Andrew;PITTSBURGH;PENGUINS;D;440000;3;12,9945300058944;27
Brown;Marc;ST-LOUIS;BLUES;L;440000;3;12,9945300058944;27
Stock;P.J.;BOSTON;BRUINS;C;425000;3;12,9598444479066;27
Petrovicky;Ronald;CALGARY;FLAMES;R;425000;3;12,9598444479066;27
Sloan;Blake;CALGARY;FLAMES;R;425000;3;12,9598444479066;27
Butenschon;Sven;FLORIDA;PANTHERS;D;425000;3;12,9598444479066;27
Ward;Lance;FLORIDA;PANTHERS;D;425000;3;12,9598444479066;27
Sawyer;Kevin;ANAHEIM;MIGHTY DUCKS;L;425000;3;12,9598444479066;27
Berenzweig;Andy;NASHVILLE;PREDATORS;D;425000;3;12,9598444479066;27
Toskala;Vesa;SAN JOSE;SHARKS;G;425000;3;12,9598444479066;27
Ruutu;Jarkko;VANCOUVER;CANUCKS;L;425000;3;12,9598444479066;27
Farrell;Michael;WASHINGTON;CAPITALS;D;425000;3;12,9598444479066;27
Larsen;Brad;COLORADO;AVALANCHE;L;423500;3;12,9563087930742;27
Willsie;Brian;COLORADO;AVALANCHE;R;423500;3;12,9563087930742;27
Hahl;Riku;COLORADO;AVALANCHE;C;415000;3;12,9360337992128;27
Berry;Rick;PITTSBURGH;PENGUINS;D;412500;3;12,9299914847569;27
Boulton;Eric;BUFFALO;SABRES;L;400000;3;12,8992198260901;27
Hamel;Denis;BUFFALO;SABRES;L;400000;3;12,8992198260901;27
Wright;Jamie;CALGARY;FLAMES;L;400000;2;12,8992198260901;8
Vrbata;Radim;COLORADO;AVALANCHE;R;400000;2;12,8992198260901;8
Bicanek;Radim;COLUMBUS;BLUE JACKETS;D;400000;2;12,8992198260901;8
MacLean;John;DALLAS;STARS;R;400000;2;12,8992198260901;8
Avery;Sean;DETROIT;RED WINGS;C;400000;2;12,8992198260901;8
Ritchie;Byron;FLORIDA;PANTHERS;C;400000;2;12,8992198260901;8
Toms;Jeff;FLORIDA;PANTHERS;L;400000;2;12,8992198260901;8
Lilja;Andreas;LOS ANGELES;KINGS;D;400000;2;12,8992198260901;8
Perrott;Nathan;NASHVILLE;PREDATORS;R;400000;2;12,8992198260901;8
Classen;Greg;NASHVILLE;PREDATORS;C;400000;2;12,8992198260901;8
Chebaturkin;Vladimir;NEW YORK;RANGERS;D;400000;2;12,8992198260901;8
Bonvie;Dennis;OTTAWA;SENATORS;R;400000;2;12,8992198260901;8
Bergevin;Marc;PITTSBURGH;PENGUINS;D;400000;2;12,8992198260901;8
McKenna;Steve;PITTSBURGH;PENGUINS;L;400000;2;12,8992198260901;8
Kostopoulos;Tom;PITTSBURGH;PENGUINS;R;400000;2;12,8992198260901;8
Corrinet;Chris;WASHINGTON;CAPITALS;R;400000;2;12,8992198260901;8
Begin;Steve;CALGARY;FLAMES;C;375000;1;12,8346813049525;1
Williams;Jason;DETROIT;RED WINGS;C;375000;1;12,8346813049525;1
Chouinard;Marc;ANAHEIM;MIGHTY DUCKS;C;375000;1;12,8346813049525;1
Petersen;Toby;PITTSBURGH;PENGUINS;C;375000;1;12,8346813049525;1
Boguniecki;Eric;ST-LOUIS;BLUES;C;375000;1;12,8346813049525;1
Ledyard;Grant;TAMPA BAY;LIGHTNING;D;370000;1;12,8212582846204;1
Nichol;Scott;CALGARY;FLAMES;C;350000;1;12,7656884334656;1
Vasicek;Josef;CAROLINA;HURRICANES;C;350000;1;12,7656884334656;1
Mason;Chris;FLORIDA;PANTHERS;G;350000;1;12,7656884334656;1
Chartrand;Brad;LOS ANGELES;KINGS;R;350000;1;12,7656884334656;1
Smith;Nick;ANAHEIM;MIGHTY DUCKS;C;350000;1;12,7656884334656;1
Dupuis;Pascal;MINNESOTA;WILD;L;350000;1;12,7656884334656;1
Martinek;Radek;NEW YORK;ISLANDERS;D;350000;1;12,7656884334656;1
White;Todd;OTTAWA;SENATORS;C;350000;1;12,7656884334656;1
Charpentier;Sebastien;WASHINGTON;CAPITALS;G;350000;1;12,7656884334656;1
Shelley;Jody;COLUMBUS;BLUE JACKETS;L;327500;1;12,6992433340574;1
Adams;Craig;CAROLINA;HURRICANES;R;315000;1;12,6603279178078;1
Daniels;Jeff;CAROLINA;HURRICANES;L;300000;0;12,6115377536383;0
Dupont;Micki;CALGARY;FLAMES;D;290000;0;12,5776362019627;0
St. Louis;Martin;TAMPA BAY;LIGHTNING;R;290000;0;12,5776362019627;0
Montador;Steve;CALGARY;FLAMES;D;280000;0;12,5425448821514;0
Varlamov;Sergei;ST-LOUIS;BLUES;L;280000;0;12,5425448821514;0
